event_id,source_id,operator,timepoint,action_type,action,observed_outcome,hypothesis_or_lesson,evidence_grade
E001,S001,ZenoX,0-7,FOUNDATION,Build clean Shopify policies/contact/SSL; submit lean feed; server-side + enhanced tracking; clear GMC issues,No paid spend yet,Prepare reliable inputs before bidding,A-
E002,S001,ZenoX,8,LAUNCH,Launch feed-only PMax + branded/category Search backstops at ~$80/day,"26 conversions and $1,510 revenue by day 14",Collect initial conversion data,A-
E003,S001,ZenoX,15,RESTRUCTURE,Segment by margin/product potential; separate stronger products,Reported +19% ROAS over following week,Concentrate budget using economics,A-
E004,S001,ZenoX,30,SCALE,Begin controlled ramp; later ~20% weekly increments,"$380/day at day30 -> $2,400/day day60",Avoid ROAS collapse from abrupt budget jumps,A-
E005,S001,ZenoX,30,BIDDING,Pass margin rather than pure revenue as value; recalibrate targets,Net profitable from day 28 per case,Optimize profit rather than topline ROAS,A-
E006,S003,Ilas,ongoing,CRO_CATALOG,Keep adding products and improving conversion/trust while Google structure stabilizes,€52k/2.5 months; 2.9 ROAS,Operator works on product/store not constant bid changes,B+
E007,S009,Drop Ship Lifestyle,1-22,TINY_BUDGET_TEST,Single traffic source; ~$10/day Shopping,"First sale day 11; $3,456.97 sales on $94.25 spend",High gross-profit dollars make tiny budgets informative,B
E008,S011,Johnny FD,month,BUDGET_INCREASE,Tripled ad budget on high-priced products,Revenue record; profit roughly unchanged,Higher spend can buy revenue without buying profit,A-
E009,S017,DataFeedWatch,day0,TITLE_TEST,Change brand position in product title while holding test structure,+25% ROAS/-10% CPC after 30 days,Feed titles are measurable acquisition levers,A-
E010,S018,SKU Analyzer,days1-30,BASELINE,Record per-SKU metrics before title change,Baseline series,Prevent account-level confounding,B+
E011,S018,SKU Analyzer,day31,TITLE_CHANGE,Push new titles; log exact submission date,Test series days31-60,Make intervention timestamp explicit,B+
E012,S018,SKU Analyzer,day61+,WAIT_LAG,Allow extra 7-14 days before final conversion judgment,Reduces conversion-lag bias,Avoid false negative on treatment,B+
E013,S019,ScaleMarketer,week1,ATTRIBUTION_AUDIT,Reconcile platform revenue against Shopify; isolate branded search,Reported 4.2x vs real 0.99x,Do not optimize on inflated platform ROAS,B+
E014,S019,ScaleMarketer,weeks1-2,STRUCTURE,Brand exclusions; isolate non-brand; SKU-level Shopping/margin tiers,Real ROAS later 1.6x; CAC down,Measure incremental acquisition,B+
E015,S022,Pitiful_Gene,days1-4,HOLD,Avoid panic-killing weak early campaign,Store reportedly flips around days5-6,Early sparse data can be noisy,B
E016,S022,Pitiful_Gene,week2,MINOR_CRO,Slight page optimization; otherwise leave Google structure largely intact,$14k in Apr1-7 continuation,Patience after basic validation,B
E017,S023,Pitiful_Gene,post-win,OPS,"Shift attention to gateway, fulfillment and support stability",Scaling risk moves from ads to operations,Winning campaign does not equal stable business,B-
E018,S026,7-month Reddit operator,early,META_DISCOVERY,Use Meta for products requiring demand creation; kill losers fast,Later reported first $3k day,Novel/impulse products differ from searched products,B-
E019,S026,7-month Reddit operator,post-validation,GOOGLE_CAPTURE,Move validated demand into Google Shopping/Search,Google captures downstream intent,Use Google after demand exists for novelty products,B-
E020,S029,r/PPC practitioners,fresh account,MANUAL_TO_AUTOMATION,Some practitioners recommend manual CPC 2-3 weeks -> automation after ~15-20 conversions,Anecdotal practitioner sequence,Do not overgeneralize; use as hypothesis,C+
E021,S030,r/PPC under-spend,day2,DO_NOT_THRASH,Campaign changed manual CPC -> higher CPC -> Max Clicks quickly,Only $8 spend/469 impressions/9 clicks,Changing too much too early destroys interpretability,C
